{"cameraMode":{"drawMode":0,"name":"Shaded","section":"Shading Mode"},"sceneLighting":true,"audioPlay":false,"sceneViewState":{"showFog":true,"showMaterialUpdate":false,"showSkybox":false,"showFlares":true,"showImageEffects":true,"showParticleSystems":true},"in2DMode":false,"pivot":{"x":5.154222011566162,"y":-0.9550719261169434,"z":1.935375690460205},"rotation":{"x":-0.2182288020849228,"y":-0.48697778582572939,"z":0.12710346281528474,"w":-0.8361067771911621},"size":12.964963912963868,"orthographic":false}