{"cameraMode":{"drawMode":0,"name":"Shaded","section":"Shading Mode"},"sceneLighting":true,"audioPlay":false,"sceneViewState":{"showFog":true,"showMaterialUpdate":false,"showSkybox":false,"showFlares":true,"showImageEffects":true,"showParticleSystems":true},"in2DMode":false,"pivot":{"x":-0.3890697956085205,"y":1.34443199634552,"z":4.299026012420654},"rotation":{"x":-0.21705394983291627,"y":0.1304508000612259,"z":-0.02928195521235466,"w":-0.9669625759124756},"size":6.568459987640381,"orthographic":false}