{"cameraMode":{"drawMode":0,"name":"Shaded","section":"Shading Mode"},"sceneLighting":true,"audioPlay":false,"sceneViewState":{"showFog":true,"showMaterialUpdate":false,"showSkybox":false,"showFlares":true,"showImageEffects":true,"showParticleSystems":true},"in2DMode":false,"pivot":{"x":19.450170516967775,"y":-2.288677930831909,"z":2.961073875427246},"rotation":{"x":0.07979155331850052,"y":0.6990862488746643,"z":-0.0789778083562851,"w":0.7062197923660278},"size":26.182281494140626,"orthographic":false}