{"cameraMode":{"drawMode":0,"name":"Shaded","section":"Shading Mode"},"sceneLighting":true,"audioPlay":false,"sceneViewState":{"showFog":true,"showMaterialUpdate":false,"showSkybox":false,"showFlares":true,"showImageEffects":true,"showParticleSystems":true},"in2DMode":false,"pivot":{"x":19.594621658325197,"y":-4.564216613769531,"z":13.928365707397461},"rotation":{"x":0.12957169115543366,"y":0.4254068434238434,"z":-0.06169277802109718,"w":0.8935871720314026},"size":26.182281494140626,"orthographic":false}