{"cameraMode":{"drawMode":0,"name":"Shaded","section":"Shading Mode"},"sceneLighting":true,"audioPlay":false,"sceneViewState":{"showFog":true,"showMaterialUpdate":false,"showSkybox":false,"showFlares":true,"showImageEffects":true,"showParticleSystems":true},"in2DMode":false,"pivot":{"x":1.2863816022872925,"y":2.135246992111206,"z":-2.946089744567871},"rotation":{"x":0.02597229927778244,"y":0.9699584245681763,"z":-0.11991044878959656,"w":0.21008403599262238},"size":1.966313123703003,"orthographic":false}