{"cameraMode":{"drawMode":0,"name":"Shaded","section":"Shading Mode"},"sceneLighting":true,"audioPlay":false,"sceneViewState":{"showFog":true,"showMaterialUpdate":false,"showSkybox":false,"showFlares":true,"showImageEffects":true,"showParticleSystems":true},"in2DMode":false,"pivot":{"x":1.3642531633377076,"y":2.929173469543457,"z":-1.58560049533844},"rotation":{"x":-0.059071656316518787,"y":-0.9124459624290466,"z":0.14210154116153718,"w":-0.3792153000831604},"size":1.521958351135254,"orthographic":false}