{"cameraMode":{"drawMode":0,"name":"Shaded","section":"Shading Mode"},"sceneLighting":true,"audioPlay":false,"sceneViewState":{"showFog":true,"showMaterialUpdate":false,"showSkybox":false,"showFlares":true,"showImageEffects":true,"showParticleSystems":true},"in2DMode":false,"pivot":{"x":-0.11710051447153092,"y":2.501349925994873,"z":2.041363477706909},"rotation":{"x":0.1754748374223709,"y":-0.3316977024078369,"z":0.062925785779953,"w":0.9248511791229248},"size":3.6275453567504885,"orthographic":false}