{"cameraMode":{"drawMode":0,"name":"Shaded","section":"Shading Mode"},"sceneLighting":false,"audioPlay":false,"sceneViewState":{"showFog":true,"showMaterialUpdate":false,"showSkybox":false,"showFlares":true,"showImageEffects":true,"showParticleSystems":true},"in2DMode":false,"pivot":{"x":7.385291576385498,"y":-1.206636905670166,"z":-0.773802638053894},"rotation":{"x":-0.052160438150167468,"y":-0.7429755330085754,"z":0.058302462100982669,"w":-0.6647589802742004},"size":8.516188621520996,"orthographic":false}