{"cameraMode":{"drawMode":0,"name":"Shaded","section":"Shading Mode"},"sceneLighting":true,"audioPlay":false,"sceneViewState":{"showFog":true,"showMaterialUpdate":false,"showSkybox":false,"showFlares":true,"showImageEffects":true,"showParticleSystems":true},"in2DMode":false,"pivot":{"x":1.5708506107330323,"y":0.6560454368591309,"z":-0.18359673023223878},"rotation":{"x":-0.12479472160339356,"y":-0.28106024861335757,"z":0.0368863120675087,"w":-0.9508392214775086},"size":1.9204826354980469,"orthographic":false}