{"cameraMode":{"drawMode":0,"name":"Shaded","section":"Shading Mode"},"sceneLighting":true,"audioPlay":false,"sceneViewState":{"showFog":true,"showMaterialUpdate":false,"showSkybox":false,"showFlares":true,"showImageEffects":true,"showParticleSystems":true},"in2DMode":false,"pivot":{"x":4.587194919586182,"y":2.8872270584106447,"z":1.3856817483901978},"rotation":{"x":-0.035931870341300967,"y":0.4603639245033264,"z":0.01866094581782818,"w":0.886835515499115},"size":7.1352643966674809,"orthographic":false}