{"cameraMode":{"drawMode":0,"name":"Shaded","section":"Shading Mode"},"sceneLighting":true,"audioPlay":false,"sceneViewState":{"showFog":true,"showMaterialUpdate":false,"showSkybox":false,"showFlares":true,"showImageEffects":true,"showParticleSystems":true},"in2DMode":false,"pivot":{"x":-1.6040183305740357,"y":3.168534994125366,"z":1.9412590265274048},"rotation":{"x":0.07986190915107727,"y":0.9199878573417664,"z":-0.28005656599998476,"w":0.2623536288738251},"size":3.1663129329681398,"orthographic":false}