{"cameraMode":{"drawMode":0,"name":"Shaded","section":"Shading Mode"},"sceneLighting":true,"audioPlay":false,"sceneViewState":{"showFog":true,"showMaterialUpdate":false,"showSkybox":false,"showFlares":true,"showImageEffects":true,"showParticleSystems":true},"in2DMode":false,"pivot":{"x":-11.89102554321289,"y":-3.0237631797790529,"z":15.476326942443848},"rotation":{"x":-0.1448725163936615,"y":0.333036869764328,"z":-0.05192142724990845,"w":-0.9303244352340698},"size":23.638099670410158,"orthographic":false}