{"cameraMode":{"drawMode":0,"name":"Shaded","section":"Shading Mode"},"sceneLighting":true,"audioPlay":false,"sceneViewState":{"showFog":true,"showMaterialUpdate":false,"showSkybox":false,"showFlares":true,"showImageEffects":true,"showParticleSystems":true},"in2DMode":false,"pivot":{"x":2.9419758319854738,"y":2.8708863258361818,"z":-2.6286823749542238},"rotation":{"x":-0.030609380453824998,"y":-0.8839787840843201,"z":0.05842158570885658,"w":-0.46289288997650149},"size":3.621958017349243,"orthographic":false}