{"cameraMode":{"drawMode":0,"name":"Shaded","section":"Shading Mode"},"sceneLighting":false,"audioPlay":false,"sceneViewState":{"showFog":true,"showMaterialUpdate":false,"showSkybox":false,"showFlares":true,"showImageEffects":true,"showParticleSystems":true},"in2DMode":false,"pivot":{"x":-0.041031718254089358,"y":-0.04789566993713379,"z":0.08643507957458496},"rotation":{"x":-0.2182288020849228,"y":-0.48697778582572939,"z":0.12710346281528474,"w":-0.8361067771911621},"size":9.127184867858887,"orthographic":false}